Country,GDP per capita (USD),Average internet download speed (Mbit/s),Alcohiol consumption per capita (litres) 2016,"Intentional homicide victims per 100,000 inhabitants",Military Expenditure % GDP,Human Development Index,Democracy Index (2020),"tertiary education attainment, 2 y",Importance of religion (Yes percentage),Christian percentage of the total population,Muslim percentage of total population,"Buddhist population by country, % population",Jewish population by country (%),"Under-five mortality (deaths/1,000 live births)","Age of criminal responsibility, age reduced","Minimum wage, US$",external debt (percentage of GDP),World Bank Gini indice (%),Total health expenditure per capita in 2018 PPP international U.S. dollars,"Suicide rate (per 100,000)",Fertility rate in 2019 (births/woman),"Annual Cigarette Consumption per person aged 15 or older, 2016","Obesity rate(%), 2016",Internet users (%),Median ages in years 2020 medians Combined,"Economic Freedom Score, 2019",Oil production April 2022 (bbl/day)[1],Population growth rate (%) (2015-2020),"Life expectancy at birth, 2019","Meat consumption (kg per capita), 2002",Incarceration rates (per 100 000),Literacy rate,Age at first marriage,Spending on education (% of GDP),Homeless population per 10k,Milk consumption per capita,Number of scientific publications,Books published per year,Average daily dietary energy consumption per capita kcal,Average yearly temperature from 1961 to 1990 (°C)
Afghanistan,364,,0.2,4.0,,0.478,2.85,,97,,99.7,,,51.71,12,858.0,7.0,,71.0,6.0,4.3,311.6,5.5,10.1%,19.5,51.5,,2.41,63.2,,36,37.3%,,4.1,1180.0,62.23,286.0,2795,2040.0,12.60
Albania,6803,45.25,7.5,2.3,,0.796,6.08,,39,,58.8,,,8.03,14,4637.0,66.0,29.4,,3.7,1.6,2491.6,21.7,73.7%,34.3,66.5,15003.0,0.13,78.0,38.2,174,98.1%,,4.0,121.0,303.72,612.0,390,3360.0,11.40
Algeria,4274,,0.9,1.6,4.8,0.745,3.77,,95,,99,,,21.24,13,1777.0,2.0,27.6,258.0,2.6,3.0,1046.7,27.4,59.6%,28.9,46.2,1211863.0,1.67,77.1,18.4,217,81.4%,30.3,4.3,,141.53,7968.0,3955,3322.0,22.50
American Samoa,15743,,,0.0,,,,,,,< 0.1,,,,,,,,,,,,,,27.2,,,,,24.9,538,,,,,,14.0,46,,
Andorra,41993,191.23,11.3,2.6,,0.858,,,,,2.6,,,,12,18253.0,41.0,,3188.0,,1.0,6398.3,25.6,96.3%,46.2,,,-0.21,,,64,100.0%,,3.2,,,36.0,57,,07.60
Angola,2999,,6.4,4.1,,0.586,3.66,,,,0.3,,,61.46,14,663.0,41.0,51.3,84.0,12.6,5.4,340.2,8.2,12.4%,15.9,50.6,1165993.0,3.28,63.1,25.0,79,71.1%,23.1,3.5,,12.3,146.0,22,2385.0,21.55
Anguilla,—,,,28.3,,,,,,,0.6,,—,,,,,,,,,,,76.4%,35.7,,,,,,240,,,,,,13.0,,,
Antigua and Barbuda,18745,,7.0,17.2,,0.788,,,,,0.3,,,5.2,8,6317.0,34.0,,850.0,0.3,2.0,89.2,18.9,83.2%,32.7,,,1.01,76.5,56.0,237,99.0%,,2.5,,123.74,23.0,,2445.0,25.85
Argentina,13686,51.51,9.8,4.6,,0.842,6.95,,66,,0.9,,1.1,10.23,16,21350.0,42.91,42.0,1122.0,8.1,2.2,1176.1,28.3,88.4%,32.4,52.2,582289.0,0.94,76.6,79.7,249,99.0%,,5.5,,195.08,15605.0,11514,3307.0,14.80
Armenia,7014,,5.5,2.2,,0.759,5.35,,73,,0.03,,0.00062,10.78,14,1787.0,102.0,27.9,439.0,2.7,1.8,1985.7,20.2,73.2%,36.6,67.7,,0.15,76.0,27.7,72,99.8%,,2.3,,209.03,1175.0,396,2997.0,07.15
Aruba,29342,,,1.9,,,,,,,0.4,,—,,,,28.0,,,,,,,,39.9,,,,,,238,,,,,,22.0,,,
Australia,64491,77.88,10.6,0.7,1.9,0.951,8.96,48.0,,,3.2,2.4%,0.73,3.11,10/14,34515.0,111.17,34.3,5864.0,11.3,1.8,917.0,29.0,81.6%,37.5,80.9,310919.0,1.3,83.0,108.2,158,99.0%,,5.3,48.0,234.49,106614.0,19241,3391.0,21.65
Austria,52131,117.31,11.6,0.7,,0.916,8.16,39.0,,,8,,0.064,3.15,14,,77.76,29.8,5337.0,10.4,1.5,1927.0,20.1,86.1%,44.5,72.0,9953.0,0.24,81.6,94.1,97,98.0%,,5.5,25.4,258.09,27324.0,8711,3695.0,06.35
Azerbaijan,7737,,0.8,1.9,,0.745,2.68,,50,,97.3,,0.044,20.83,14,2435.0,22.0,26.6,165.0,4.0,2.1,1525.6,19.9,75.3%,32.6,65.4,666869.0,0.98,71.4,15.9,219,99.8%,,2.5,725.0,152.07,1764.0,542,3149.0,11.95
Bahamas,31458,55.99,4.4,29.2,,0.812,,,,,0.1,,0.0012,5.88,,10920.0,194.0,,1920.0,3.4,1.7,438.6,31.6,82.4%,32.8,62.9,,1.01,73.2,123.6,409,96.0%,,2.8,,104.76,86.0,,2655.0,24.85
Bahrain,30152,58.53,1.9,0.1,,0.875,2.49,,94,,73.7,,,5.97,15,,66.0,,1049.0,7.2,2.0,1101.5,29.8,97.8%,32.9,66.4,188469.0,4.26,75.8,70.7,234,97.5%,,2.3,,,1066.0,40,,26.80
Bangladesh,2688,36.02,0.0,2.3,,0.661,5.99,,99,,91.0,0.61%,,26.85,9,212.0,22.0,31.8,45.0,3.9,2.0,744.1,3.6,75.9%,27.9,55.6,3000.0,1.04,74.3,3.1,46,74.66%,,2.0,307.0,21.91,8265.0,,2563.0,25.00
Barbados,20019,105.71,9.6,11.4,,0.79,,,,,1.5,,0.00062,10.04,,8840.0,100.0,,1193.0,0.3,1.6,277.5,23.1,83.1%,39.5,64.7,1000.0,0.24,76.0,88.7,258,99.6%,,4.7,,110.48,156.0,,2956.0,26.00
Belarus,7905,68.73,11.2,2.3,,0.808,2.59,,34,,0.5–1.0,,0.052,2.97,14,0.0,66.0,24.4,342.0,16.5,1.7,2911.3,24.5,73.6%,40.9,57.9,31756.0,-0.15,74.8,58.6,345,99.9%,,4.8,,133.73,2547.0,8205,3270.0,06.15
Belgium,49583,107.12,12.1,1.1,1.2,0.937,7.51,43.0,,,7.6,,0.18,2.83,12,24005.0,104.42,26.0,5142.0,13.9,1.7,2440.9,22.1,86.3%,41.6,67.3,,0.58,81.4,86.1,97,99.0%,,6.5,11.7,236.19,34575.0,13913,3769.0,09.55
Belize,6968,49.44,6.7,31.2,,0.683,,,,,0.2,,,12.81,7,5850.0,75.0,57.9,287.0,7.7,2.3,168.6,24.1,44.1%,23.9,55.4,1106.0,2.05,74.4,74.7,289,83.0%,,7.4,,80.3,49.0,,2775.0,25.35
Benin,1303,,3.0,,,0.525,4.58,,,,27.7,,,61.15,13,865.0,26.0,37.9,30.0,12.7,4.8,204.0,9.6,12.1%,17.0,55.3,,2.73,63.4,16.2,111,42.4%,21.3,4.0,,8.4,625.0,84,2755.0,27.55
Bermuda,118846,,,10.9,,,,,,,1,,0.00062,,,,,,,,,,,94.0%,43.6,,,,,,200,,,,,95.56,78.0,,,
Bhutan,3266,,0.6,2.5,,0.666,5.71,,,,0.2,,,24.06,10,609.0,108.0,28.5,102.0,5.1,2.0,,6.4,50.0%,29.1,62.9,,1.18,73.1,3.0,145,66.6%,,6.6,0.0,,200.0,,,07.40
Bolivia,3523,,4.8,3.5,,0.692,5.08,,89,,< 0.1,,0.0031,29.71,14,4444.0,33.0,40.9,229.0,6.8,2.7,291.6,20.2,40.1%,25.3,42.3,28460.0,1.47,72.1,50.0,175,92.5%,,7.3,,46.04,454.0,1578,2412.0,21.55
"Bonaire, Saint Eustatius and Saba",,,,,,,,,,,,,,,,,,,,,,,,,,,,,,,,,,,,,,,,
Bosnia and Herzegovina,7585,44.85,6.4,1.0,,0.78,4.84,,77,,50.7,,0.0031,6.0,14,3949.0,23.0,33.0,528.0,8.3,1.3,1767.2,17.9,70.9%,43.3,61.9,,-0.22,76.8,21.4,83,98.5%,,n.a.,,174.03,1574.0,,3307.0,09.85
Botswana,7738,,8.4,10.5,,0.693,7.62,,,,0.4,,0.00062,30.15,8,1933.0,8.0,53.3,420.0,20.2,2.8,433.5,18.9,36.7%,25.7,69.5,,1.79,62.2,27.3,161,88.5%,28.7,7.8,,117.74,800.0,158,2342.0,21.50
Brazil,9460,90.3,7.8,22.4,1.1,0.754,6.92,16.0,87,,0.02–0.7,,0.57,13.02,12,3184.0,71.59,52.9,863.0,6.4,1.6,333.5,22.1,77.1%,35.2,51.9,3021505.0,0.63,75.9,82.4,389,93.2%,,6.2,10.0,149.28,89241.0,46829,3301.0,24.95
British Indian Ocean Territory,,,,,,,,,,,,,,,,,,,,,,,,,,,,,,,,,,,,,3.0,,,
British Virgin Islands,—,,,8.2,,,,,,,1.2,,—,,,,,,,,,,,46.4%,37.2,,,,,,368,,,,,,6.0,,,
Brunei Darussalam,37153,,0.4,0.5,,0.829,,,,,80.9,,,7.92,7,,2.8,,754.0,2.5,1.8,9.7,14.1,91.3%,31.1,65.1,83759.0,1.25,74.3,,186,97.2%,,4.4,,70.47,681.0,91,2985.0,26.85
Bulgaria,13773,78.84,12.7,1.3,,0.795,6.71,,,,13.4,,0.012,6.29,14,5950.0,63.0,40.5,690.0,6.5,1.6,1757.3,25.0,65.2%,43.7,69.0,1000.0,-0.67,75.1,69.4,93,98.4%,,4.1,,155.71,6233.0,12 194,2854.0,10.55
Burkina Faso,833,,8.2,,,0.449,3.73,,,,63.8,,,54.21,13,750.0,26.0,43.0,39.0,14.4,5.1,408.1,5.6,13.8%,17.9,59.4,,2.87,62.7,11.2,38,39.3%,21.1,4.2,335.0,29.79,651.0,12,2737.0,28.29
Burundi,238,,7.5,5.8,,0.426,2.14,,98,,10,,,42.44,15,,26.0,38.6,20.0,12.1,5.3,239.4,5.4,4.8%,17.7,48.9,,3.15,63.8,3.5,85,68.4%,22.0,4.8,,4.6,115.0,,,19.80
Cabo Verde,3903,,5.7,6.2,,0.662,7.65,,,,2,,,16.89,16,1673.0,99.0,42.4,179.0,15.2,2.2,397.1,11.8,53.1%,26.8,63.1,,1.25,74.0,26.3,296,86.8%,23.9,5.2,,115.64,67.0,,2541.0,23.30
Cambodia,1787,,6.7,1.8,,0.593,3.1,,96,,2,,,23.72,14,,57.0,36.0,94.0,5.5,2.5,726.2,3.9,32.8%,26.4,57.8,,1.49,70.1,13.9,219,80.5%,,1.9,,3.47,529.0,,2492.0,26.80
Cameroon,1589,,8.9,4.5,,0.576,2.77,,96,,30,,,61.18,10,785.0,24.0,46.6,58.0,15.9,4.5,171.0,11.4,20.5%,18.5,52.4,59743.0,2.56,62.4,14.4,116,77.1%,22.4,3.1,389.0,15.27,2086.0,,2733.0,24.60
Canada,54967,181.99,8.9,2.1,1.2,0.936,9.24,59.0,42,,4.9,,2.4,4.51,12,24128.0,126.94,31.7,5053.0,10.3,1.5,1021.3,29.4,89.0%,41.8,77.7,4543800.0,0.9,82.2,108.1,85,99.0%,,5.5,10.0,187.77,121111.0,10433,3566.0,−5.10
Cayman Islands,88476,,,4.5,,,,,,,0.2,,,,,,,,,,,,,73.2%,40.5,,,,,,266,,,,,,27.0,,,
Central African Republic,427,,3.3,,,0.404,1.32,,,,15,,,81.9,14,821.0,39.0,43.0,49.0,23.0,4.6,213.2,7.5,3.7%,20.0,49.1,,1.58,53.1,28.0,40,37.4%,19.5,1.2,1421.0,13.53,69.0,,1786.0,24.90
Chad,717,,1.5,,,0.394,1.55,,95,,58,,,74.5,13,1298.0,18.0,37.5,32.0,13.2,5.6,279.3,6.1,5.6%,16.1,49.9,81329.0,3.01,59.6,14.3,59,22.3%,21.8,2.9,209.0,20.63,66.0,,2115.0,26.55
Chile,15356,246.39,9.3,3.6,1.8,0.855,8.28,36.0,70,,< 0.1,,0.099,6.72,14,6483.0,65.09,44.9,1457.0,8.0,1.6,769.3,28.0,76.3%,35.5,75.4,2000.0,0.78,80.7,66.4,264,96.3%,,5.4,7.4,116.11,17137.0,7058,3029.0,08.45
China,12720,172.95,7.2,0.5,,0.768,2.27,35.8,,,0.45–3,,0.019,1.32,12,2642.0,13.55,37.1,505.0,6.7,1.7,2043.0,6.2,76.4%,38.4,58.4,4089997.0,0.39,77.4,52.4,119,96.8%,,4.0,19.0,32.66,744042.0,208418,3206.0,07.50
China[a],,,,,1.6,,,,,,,,,,,,,,,,,,,,,,,,,,,,,,,,,,,
Cocos (Keeling) Islands,,,,,,,,,,,80,,,,,,,,,,,,,,,,,,,,,,,,,,,,,
Colombia,6630,53.73,5.8,27.5,3.1,0.752,7.04,27.0,83,,0.2,,0.013,12.64,14,4516.0,56.03,51.5,517.0,3.7,1.8,351.4,22.3,59.3%,31.2,67.3,751876.0,0.81,79.3,33.9,196,95.6%,,4.5,971.0,108.47,15103.0,17066,3114.0,24.50
Comoros,1485,,0.9,,,0.558,3.09,,97,,98.3,,,53.1,13/14-15,1587.0,21.0,45.3,74.0,8.5,4.1,585.4,7.8,8.4%,20.9,55.4,,2.24,67.4,7.6,43,58.8%,23.0,2.5,,11.15,18.0,,,25.30
Congo Republic,2448,,7.8,,,0.571,3.11,,,,2,,,,,1948.0,55.0,48.9,,11.6,4.4,,9.6,7.8%,19.5,39.7,272928.0,,64.7,13.3,27,,,4.6,,10.69,386.0,,2285.0,24.55
Cook Islands,—,,10.6,3.5,,,,,,,< 0.1,,,,,,23.0,,567.0,,,,55.9,,38.3,,,,,,224,,,,,,8.0,,,
Costa Rica,13199,47.93,4.8,11.4,,0.809,8.16,28.0,79,,< 0.1,,0.015,7.32,12,6785.0,43.0,47.2,902.0,7.6,1.7,411.4,25.7,68.1%,32.6,65.3,,0.96,80.8,40.4,301,97.9%,,7.4,6.6,183.28,1438.0,2158,3029.0,24.80
Cote d'Ivoire,2486,49.33,8.4,,,0.55,4.11,,88,,42.9,,,60.42,10,792.0,24.0,37.2,71.0,15.7,4.6,352.7,10.3,38.8%,20.3,62.4,30298.0,2.49,62.9,11.3,92,89.9%,23.1,5.1,117.0,6.36,615.0,,2778.0,26.35
Croatia,18413,57.3,8.9,0.8,,0.858,6.5,,70,,1.5,,0.010,4.0,14,7075.0,74.0,29.5,1025.0,11.0,1.4,1578.9,24.4,69.2%,43.9,61.4,10977.0,-0.58,78.6,49.9,102,99.3%,,4.6,5.1,231.02,7814.0,,3074.0,10.90
Cuba,9500,,6.1,4.4,,0.764,2.84,,,,0.1,,0.0031,4.49,16,44.0,34.0,,973.0,10.2,1.6,233.5,24.6,50.1%,42.1,27.8,32079.0,0.06,77.8,32.2,794,99.8%,,12.9,,99.94,2088.0,728,3344.0,25.20
Curacao,17718,,,17.1,,,,,,,,,,,,,,,,,,,,,36.7,,,,,,261,,,,,,,,,
Cyprus,31284,50.46,10.8,1.3,,0.896,7.56,,75,,25.3,,0.0031,3.54,14,,849.0,31.7,2021.0,3.2,1.3,1961.4,21.8,76.5%,37.9,68.1,,0.78,83.1,131.3,103,99.1%,,6.4,,113.31,3629.0,930,3019.0,18.45
Czechia,27638,85.89,14.4,0.4,,0.889,7.67,31.0,,,0.1–0.2,,0.024,2.27,15,9959.0,61.47,26.2,1753.0,9.5,1.7,2427.9,26.0,79.5%,43.3,73.7,1687.0,0.06,79.1,77.3,187,99.0%,,5.6,22.0,195.2,24811.0,16474,3277.0,07.55
DR Congo,587,,2.6,,,0.479,1.13,,94,,10,,0.00062,64.92,14,220.0,13.0,42.1,18.0,12.4,5.8,128.0,6.7,7.3%,16.7,50.3,21000.0,3.22,62.4,4.8,24,77.0%,21.6,1.5,595.0,,439.0,64,,24.00
Denmark,66983,210.71,10.4,0.8,1.2,0.948,9.15,44.0,19,,5.4,,0.040,3.13,,,119.0,27.5,6233.0,7.6,1.8,1298.0,19.7,92.4%,42.0,76.7,64791.0,0.38,81.3,145.9,72,99.0%,,7.6,9.8,277.3,29982.0,10715,3401.0,06.95
Djibouti,3136,,0.5,,,0.509,2.71,,96,,97,,,33.36,13,,71.0,41.6,64.0,11.9,2.7,785.5,13.5,48.2%,24.9,47.1,,1.51,65.8,17.1,71,,28.9,8.4,,59.81,35.0,,2694.0,28.00
Dominica,8415,37.62,8.2,13.8,,0.72,,,,,0.2,,,,,3081.0,55.0,,485.0,,1.8,147.4,27.9,71.1%,34.9,63.6,,0.51,,67.1,316,92.0%,,3.4,,136.93,21.0,,2952.0,22.35
Dominican Republic,10121,,6.9,10.5,,0.767,6.32,,87,,< 0.1,,0.00062,25.85,,2613.0,36.0,38.5,328.0,5.1,2.3,218.9,27.6,62.9%,27.9,61.0,,1.07,72.8,37.8,222,93.8%,,4.3,,73.75,346.0,1866,2892.0,24.55
Ecuador,6391,,4.4,14.0,,0.74,6.13,,82,,< 0.1,,0.0037,13.6,12,5850.0,57.0,45.5,497.0,7.7,2.4,93.5,19.9,53.5%,28.8,46.9,479518.0,1.42,78.4,45.0,167,93.6%,,5.0,,139.6,5519.0,4153,2606.0,21.85
Egypt,4295,39.66,0.4,1.3,,0.731,2.93,,97,,90–94.7,,0.00062,15.61,12,,42.72,31.9,120.0,3.4,3.3,1449.4,32.0,69.2%,24.1,52.5,567652.0,1.87,71.8,22.5,116,71.2%,28.0,3.8,1200.0,59.46,34575.0,23000,3292.0,22.10
El Salvador,5127,,3.7,7.8,,0.675,5.9,,83,,0.28,,0.00062,14.57,12,3650.0,56.0,38.8,345.0,6.1,2.0,206.7,24.6,31.6%,27.7,61.8,,0.52,75.0,21.4,1 086,89.1%,,3.8,,124.34,107.0,661,2696.0,24.45
Equatorial Guinea,7054,,11.3,,,0.596,1.92,,,,10,,,66.13,16,2792.0,12.0,,271.0,13.5,4.4,328.2,8.0,20.4%,20.3,41.0,118384.0,3.59,62.2,,63,95.3%,23.3,0.6,,,14.0,,,24.55
Eritrea,644,,1.3,14.6,,0.492,2.15,,,,36–51.6,,,34.72,12,,15.0,,24.0,17.3,4.0,132.3,5.0,1.8%,20.3,38.9,,2.28,64.1,7.7,,76.6%,24.9,2.1,,11.57,72.0,970,,25.50
Estonia,28333,78.58,11.6,2.0,,0.89,7.84,41.0,16,,< 0.1,,0.012,1.99,14,10578.0,89.0,30.7,1553.0,12.0,1.6,1759.9,21.2,86.8%,43.7,76.6,,-0.23,78.9,67.4,150,99.8%,,5.2,8.0,284.85,3810.0,5809,3247.0,02.00
Eswatini,4040,,9.9,12.7,,0.597,3.08,,,,2,,,41.36,7,694.0,14.0,54.6,291.0,40.5,3.0,91.7,16.5,34.7%,23.7,54.7,,1.75,57.7,34.2,243,88.4%,28.5,7.1,,56.6,147.0,,2426.0,21.40
Ethiopia,1028,,2.8,8.6,,0.498,3.38,,,,31.3,,0.00062,37.0,9,,32.0,35.0,24.0,9.5,4.1,115.3,4.5,16.2%,19.8,53.6,,2.43,68.7,7.9,99,51.8%,23.6,4.7,234.0,44.14,6141.0,240,2338.0,22.20
Falkland Islands,,,,,,,,,,,< 0.1,,—,,,,,,,,-,,,76.5%,,,,,,,,,,,,,20.0,,,
Faroe Islands,69010,,,,,,,,,,< 0.1,,—,,15,,,22.71,,,,,,90.9%,37.2,,,,,,23,,,,,,74.0,,,
Fiji,5317,,3.0,2.2,,0.73,5.72,,,,6.3,,,20.32,10,3232.0,18.0,30.7,216.0,9.5,2.8,491.1,30.2,48.9%,29.9,62.2,,0.72,68.0,39.1,256,99.1%,,3.9,,40.2,469.0,401,2781.0,24.40
Finland,50537,119.32,10.7,1.6,,0.94,9.2,41.0,,,1.8,,0.0080,1.71,15,,71.3,27.1,4522.0,13.4,1.5,1098.8,22.2,97.7%,42.8,74.9,,0.36,81.6,67.4,51,100.0%,,6.9,7.9,430.76,21789.0,10208,3343.0,01.55
France,40964,192.25,12.6,1.1,,0.903,7.99,45.0,30,,8.8,,2.8,3.03,13,24259.0,112.06,30.7,4669.0,9.7,1.8,1089.9,21.6,92.2%,41.7,63.8,11969.0,0.39,82.5,101.1,107,99.0%,,5.4,45.0,241.31,112838.0,106799,3502.0,10.70
France[c],,,,,1.9,,,,,,,,,,,,,,,,,,,,,,,,,,,,,,,,,,,
French Guiana,,,,13.3,,,,,,,0.9,,,,,,,,,,,,,,,,,,,13.2,280,,,,,,130.0,,,
French Polynesia,19999,,,0.4,,,,,,,< 0.1,,,,,,,,,,,,,67.7%,33.3,,,,,112.2,189,,,,,93.56,168.0,,,
French Southern Territories,,,,,,,,,,,,,,,,,,,,,,,,,,,,,,,,,,,,,1.0,,,
Gabon,8820,,11.5,,,0.706,3.54,,,,10,,,35.28,13,3246.0,35.0,38.0,211.0,13.1,3.9,451.2,15.0,44.4%,21.0,56.3,195808.0,2.17,66.5,46.0,228,84.7%,22.6,2.7,,30.16,189.0,,2633.0,25.05
Gambia,840,,3.8,,,0.5,4.49,,,,96.4,,,44.83,12,253.0,61.0,28.8,23.0,9.6,5.2,249.1,10.3,15.8%,21.8,52.4,,2.93,65.5,5.2,22,50.8%,25.6,2.1,,45.71,230.0,14,2533.0,27.50
Georgia,6628,,9.8,2.0,,0.802,5.31,,81,,10.7,,0.0093,9.37,14,93.0,128.0,34.2,332.0,7.7,2.1,1917.7,21.7,91.7%,38.6,75.9,276.0,-0.27,73.3,26.0,265,99.6%,,3.8,760.0,149.26,1905.0,581,2835.0,05.65
Germany,48433,120.93,13.4,0.8,1.4,0.942,8.67,30.0,40,,5.4–5.7,,0.73,3.19,14,29520.0,65.33,31.7,5504.0,8.3,1.6,1599.5,22.3,93.3%,47.8,73.5,33242.0,0.2,81.7,82.1,67,99.0%,,4.8,31.4,258.7,174524.0,79916,3554.0,08.40
Ghana,2176,51.93,2.7,1.8,,0.632,6.5,,95,,19.9,,,35.63,12,433.0,30.0,43.5,74.0,10.5,3.8,40.5,10.9,45.9%,21.4,57.5,179890.0,2.16,66.3,9.9,47,79.0%,23.7,3.6,32.9,9.08,4189.0,28,3035.0,27.20
Gibraltar,,,,3.2,,,,,,,4,,0.0049,,,,,,,,,,,99.5%,35.5,,,,,,273,,,,,,12.0,,,
Greece,20732,36.73,10.4,0.9,3.7,0.887,7.39,40.0,71,,2–3.7,,0.025,2.82,15,12915.0,322.85,33.6,1603.0,3.6,1.3,2078.6,24.9,75.9%,45.3,57.7,1497.0,-0.21,81.1,78.7,103,97.9%,,4.1,37.1,255.26,20123.0,9583,3382.0,15.40
Greenland,57116,,,5.4,,,,,,,< 0.1,,,,,,,,,,,,,69.8%,34.3,,,,,,241,,,,,,116.0,,,
Grenada,10016,54.65,9.3,4.0,,0.795,,,,,0.3,,,14.99,,,66.0,,439.0,0.6,2.0,158.2,21.3,51.1%,33.3,,,0.46,72.9,97.0,335,98.6%,,3.2,6.4,86.88,250.0,,2402.0,26.00
Guadeloupe,,,,5.8,,,,,,,0.4,,,,,,,,,,,,,,,,,,,12.7,190,,,,,,75.0,,,
Guam,35905,,,4.2,,,,,,,< 0.1,,,,,,,,,,2.3,,,77.5%,29.4,,,,,,408,,,,,,76.0,,,
Guatemala,5473,,2.4,20.0,,0.627,4.97,,88,,< 0.1,,0.0056,20.74,,3924.0,28.0,48.3,266.0,6.2,2.8,111.8,21.2,66.7%,23.2,62.6,6188.0,1.94,72.0,23.8,127,80.8%,,2.8,315.0,46.6,403.0,1042,2551.0,23.45
Guernsey,,,,,,,,,,,,,,,,,,,,,,,,,44.3,,,,,,112,,,,,,,,,
Guinea,1532,,1.3,,,0.465,3.08,,,,89.1,,,51.64,10,,20.0,29.6,35.0,12.3,4.6,316.0,7.7,10.7%,19.1,55.7,,2.57,61.0,6.5,34,39.6%,23.9,2.2,,20.62,138.0,,2746.0,25.70
Guinea-Bissau,776,,4.8,1.1,,0.483,2.63,,,,46.1,,,57.12,16,412.0,94.0,34.8,60.0,12.4,4.4,25.3,9.5,3.5%,18.0,54.0,,2.44,60.2,13.0,31,59.9%,24.5,2.1,,19.88,57.0,,2229.0,26.75
Guyana,18990,45.37,6.3,16.3,,0.714,6.01,,,,7.3,,,26.76,,2015.0,36.0,45.1,299.0,40.9,2.4,359.1,20.2,36.1%,27.5,56.8,275545.0,0.57,65.7,31.8,271,88.5%,,6.3,,141.68,68.0,42,2913.0,26.00
Haiti,1748,,5.8,13.0,,0.535,4.22,,,,< 0.1,,,54.3,,1014.0,24.0,41.1,62.0,11.2,2.9,143.0,22.7,11.8%,24.1,52.7,,1.2,64.1,15.3,98,61.7%,,2.5,34.0,18.98,127.0,,2121.0,24.90
Honduras,3040,,4.0,38.2,,0.621,5.36,,,,0.3,,,15.04,,2420.0,38.0,48.2,178.0,2.6,2.4,469.8,21.4,29.0%,24.4,60.2,,1.63,71.9,24.7,191,88.5%,,6.0,1235.0,91.33,345.0,102,2673.0,23.50
Hong Kong,48984,265.17,,0.3,,0.952,5.57,,24,,4.1,,,,10,10708.0,504.1,53.9,,,1.4,,,93.0%,45.6,90.2,,,,,106,,,3.3,,105.85,24203.0,14603,3267.0,21.45
Hungary,18463,193.8,11.4,0.8,,0.846,6.56,32.0,39,,0.4–0.6,,0.29,4.05,12,9184.0,160.0,29.7,1080.0,11.8,1.5,2060.3,26.4,76.8%,43.6,65.0,17873.0,-0.34,76.4,100.7,194,99.1%,,4.7,30.7,159.05,12168.0,9589,3316.0,09.75
Iceland,72903,,9.1,0.5,,0.959,9.37,40.0,,,0.2,,—,1.25,15,,81.0,26.1,6234.0,11.2,1.7,848.1,21.9,88.9%,37.1,77.1,,0.77,82.3,84.8,35,99.0%,,7.5,10.3,225.82,1738.0,1767,3654.0,−0.70
India,2389,54.17,5.7,2.9,2.4,0.633,6.61,,90,,14.6,0.7%,0.030,32.0,7,674.0,16.83,34.2,58.0,12.9,2.2,89.3,3.9,62.6%,28.7,55.2,607890.0,1.1,70.8,5.2,40,74.4%,,2.9,12.6,84.5,191590.0,90000,2533.0,23.65
Indonesia,4788,,0.8,0.6,0.7,0.705,6.3,11.0,99,,86.7,,0.00062,18.91,12,2449.0,29.1,37.9,112.0,2.6,2.3,1675.5,6.9,78.8%,31.1,65.8,610532.0,1.05,71.3,8.3,99,96.0%,,3.6,136.0,14.82,49160.0,135081,2884.0,25.85
Iran,4388,,1.0,2.4,2.6,0.774,2.2,,,,99.4,,0.059,12.82,"9 (girls), 15 (boys)",20881.0,2.0,40.9,463.0,5.1,2.1,936.5,25.8,88.8%,31.7,51.1,3293401.0,1.04,77.3,23.1,228,85.5%,,4.0,1.9,46.69,71894.0,102691,3087.0,17.25
Iraq,5937,,0.4,9.4,,0.686,3.62,,84,,95-98,,,24.11,9,2069.0,44.0,29.5,227.0,4.7,3.6,1184.4,30.4,43.4%,21.2,,4470506.0,2.78,72.4,,179,85.6%,,3.5,304.0,22.18,18711.0,,2608.0,21.40
Ireland,104039,112.81,13.0,0.4,,0.945,9.05,52.0,54,,1.4,,0.017,2.7,10,28302.0,548.53,29.2,5484.0,8.9,1.8,976.5,25.3,80.7%,37.8,80.5,,0.78,81.8,106.3,91,99.0%,,3.7,16.0,291.86,16581.0,1773,3885.0,09.30
Isle of Man,79531,,,0.0,,,,,,,0.2,,,,,,,,,,,,,,44.6,,,,,,103,,,,,,,,,
Israel,54660,147.36,3.8,1.9,4.5,0.919,7.84,46.0,51,,18,,39,2.73,12,20700.0,29.28,38.6,3220.0,5.2,3.0,1280.7,26.1,76.3%,30.4,72.8,,1.55,82.6,97.1,168,97.8%,,5.8,29.0,193.6,22743.0,8411,3528.0,19.20
Italy,34158,90.93,7.5,0.5,1.7,0.895,7.74,25.0,72,,4.8,,0.17,2.6,14,,143.09,35.2,3003.0,4.3,1.3,1493.3,19.9,85.3%,46.5,62.2,83151.0,-0.13,83.0,90.4,97,99.2%,,3.8,8.4,246.88,127502.0,125948,3503.0,13.45
Jamaica,6047,37.95,4.2,52.1,,0.709,7.13,,,,0.2,,0.0031,11.78,,4461.0,122.0,45.5,334.0,2.3,2.0,312.5,24.7,49.9%,29.4,68.6,,0.29,76.0,56.8,125,88.7%,,5.4,,91.13,478.0,,2792.0,24.95
Japan,33815,167.18,8.0,0.2,1.1,0.925,8.13,60.0,24,,0.1,,0.0062,1.76,14,16924.0,98.44,32.9,4288.0,12.2,1.4,1583.2,4.3,94.2%,48.6,72.1,3243.0,-0.23,84.3,45.9,36,99.0%,,3.6,0.2,72.06,127408.0,139078,2705.0,11.15
Jersey,,,,,,,,,,,,,,,,,,,,,,,,35.5%,37.5,,,,,,135,,,,,,,,,
Jordan,4205,67.35,0.7,1.0,,0.72,3.62,,,,97.2,,,14.63,12,5408.0,83.0,33.7,322.0,2.0,2.7,2306.1,35.5,58.1%,23.5,66.5,20.0,2.17,77.9,29.8,185,98.2%,,3.6,0.0,77.68,6540.0,511,2732.0,18.30
Kazakhstan,11243,56.12,7.7,3.2,,0.811,3.14,,43,,70.2,,0.015,7.67,14,1972.0,65.71,27.8,273.0,18.1,2.7,1800.9,21.0,72.5%,31.6,65.4,1726514.0,1.13,74.0,44.8,184,99.8%,,2.8,0.6,288.12,5339.0,1226,3067.0,05.50
Kenya,2099,,3.4,5.3,,0.575,5.05,,94,,11.2,,0.0019,36.34,8,702.0,26.0,38.7,76.0,11.0,3.4,264.4,7.1,16.7%,20.0,55.1,,2.49,66.1,14.3,107,81.5%,22.5,5.2,73.3,94.86,4110.0,300,2197.0,24.75
Kiribati,1702,,0.4,7.2,,0.624,,,,,< 0.1,,,42.98,,2033.0,8.0,,192.0,30.6,3.5,1396.0,46.0,13.2%,25.7,47.3,,1.71,59.4,32.1,113,,,12.0,,10.93,17.0,,3078.0,28.20
Kosovo,5351,54.39,,2.0,,,,,90,,93,,,,14,2413.0,37.0,29.0,,,1.7,,,,30.5,67.0,,,,,93,,,,,,,,,
Kuwait,43234,130.66,0.0,0.3,4.5,0.831,3.8,,91,,74.6,,,7.12,7,2400.0,0.42,,1661.0,2.7,2.1,1412.7,37.9,95.4%,29.7,60.8,2825724.0,1.78,81.0,60.2,103,96.5%,,3.8,,157.66,2345.0,196,3471.0,27.15
Kyrgyz Republic,1607,48.12,6.2,,,0.692,4.21,,72,,80–90,,0.0025,15.51,14,162.0,112.0,29.0,67.0,8.3,3.0,519.6,16.6,35.4%,27.3,62.3,658.0,1.44,74.2,39.0,117,99.6%,,6.1,,210.92,507.0,1455,2729.0,02.10
Laos,2088,43.98,10.4,,,0.607,1.77,,,,< 0.1,,,38.76,15,1732.0,53.0,38.8,57.0,6.0,2.6,814.6,5.3,23.6%,24.0,57.4,,1.45,68.5,15.0,166,84.7%,,2.9,,2.92,305.0,88,2758.0,22.80
Latvia,21851,128.69,12.9,3.0,,0.863,7.24,40.0,39,,0.1–0.2,,0.028,3.34,14,8799.0,126.0,35.7,1101.0,16.1,1.7,1189.1,23.6,84.6%,44.4,70.4,,-1.03,75.4,45.7,169,99.9%,,4.7,35.3,174.11,2530.0,2375,3229.0,05.60
Lebanon,4136,,1.5,2.3,,0.706,4.16,,87,,67.8,,,9.42,7,5373.0,220.0,31.8,745.0,2.8,2.1,2037.5,32.0,85.0%,33.7,51.1,,0.57,76.4,63.1,143,95.1%,,2.5,,114.52,4249.0,2000,2857.0,15.00
Lesotho,1107,,5.0,37.7,,0.514,6.3,,,,0.1,,,62.25,10,956.0,53.0,44.9,122.0,87.5,3.1,448.0,16.6,29.2%,24.7,53.1,,1.31,50.7,15.4,104,79.4%,23.2,6.5,,25.35,99.0,,2323.0,11.85
Liberia,755,,5.8,3.1,,0.481,5.32,,,,20,,,54.06,7,4.0,51.0,35.3,66.0,7.4,4.2,154.4,9.9,7.3%,18.0,49.7,,2.52,64.1,7.9,55,48.3%,21.2,2.3,,3.04,69.0,,2168.0,25.30
Libya,6716,,0.0,,,0.718,1.95,,,,97,,,10.53,14,1169.0,9.0,,,4.5,2.2,327.2,32.5,20.6%,25.8,,1057890.0,1.33,75.8,28.6,176,91.0%,30.6,2.3,405.0,75.0,674.0,26,,21.80
Liechtenstein,184083,193.79,,5.1,,0.935,,,,,5.4,,—,,14,,0.0,,,,1.4,,,95.3%,43.7,,,0.65,,,31,100.0%,,2.1,0.0,,125.0,,,05.80
Lithuania,24827,132.67,15.0,2.6,,0.875,7.13,55.0,42,,0.1,,0.015,4.04,14,13899.0,74.0,36.0,1249.0,20.2,1.7,1292.0,26.3,80.5%,44.5,74.2,700.0,-0.55,76.0,49.5,177,99.8%,,4.0,14.1,295.46,4658.0,3479,3411.0,06.20
Luxembourg,126426,154.26,13.0,0.6,,0.93,8.68,50.0,39,,2.3,,0.0043,2.87,18,32103.0,22.1,33.4,6227.0,8.6,1.4,6330.9,22.6,89.3%,39.5,75.9,,1.27,82.4,141.7,106,100.0%,,4.0,37.5,255.3,2256.0,2000,3465.0,08.65
Macau,31618,170.3,,0.4,,,,,,,0.1,,,,,9972.0,,36.0,,,,,,,40.8,71.0,,,,,197,,,2.7,,37.46,2549.0,,,
Madagascar,505,41.4,1.9,,,0.501,5.7,,,,10,,0.00062,29.04,13,376.0,41.0,42.6,22.0,9.2,4.0,404.2,5.3,8.7%,20.3,56.6,,2.67,65.3,17.6,98,76.7%,20.4,2.8,,24.84,413.0,119,1938.0,22.65
Malawi,645,,3.7,1.8,,0.512,5.74,,99,,20,,,41.33,7,266.0,39.0,38.5,37.0,10.6,4.1,241.1,5.8,12.9%,16.8,51.4,,2.87,65.6,5.1,76,62.1%,20.1,4.0,,7.98,952.0,117,2392.0,21.90
Malaysia,11972,103.34,0.9,0.7,,0.803,7.19,,96,,63.5,,,5.9,10,4348.0,58.17,41.2,416.0,5.8,2.0,441.2,15.6,75.5%,29.2,74.0,502082.0,1.35,74.7,50.9,217,95.0%,,4.7,,25.28,37099.0,15354,2845.0,25.40
Maldives,11818,,2.7,0.6,,0.747,,,,,100,,,6.77,15,,23.0,29.3,805.0,2.8,1.8,560.9,8.6,52.9%,29.5,53.2,,1.85,79.6,16.6,314,97.7%,,4.1,,111.47,91.0,,2235.0,28.00
Mali,645,,1.3,,,0.428,3.93,,95,,95,,,65.8,13,616.0,26.0,36.0,32.0,8.0,5.8,316.9,8.6,10.8%,16.1,58.1,,2.99,62.8,19.0,40,35.5%,22.3,3.1,164.0,98.68,325.0,14,2873.0,28.25
Malta,33941,134.48,8.1,0.4,,0.918,7.68,,86,,2.6,,0.0031,4.97,,11245.0,691.0,31.4,2754.0,5.3,1.5,1527.9,28.9,65.5%,42.3,68.6,,0.31,81.9,86.9,113,94.5%,,5.3,,190.06,1016.0,511,3420.0,19.20
Marshall Islands,6728,,,4.0,,0.639,,,,,< 0.1,,,,,4160.0,52.0,,737.0,,4.1,,52.9,48.9%,23.8,,,0.1,,,66,98.3%,,15.8,,,7.0,,,27.40
Martinique,,,,2.8,,,,,,,0.2,,,,,,,,,,,,,,,,,,,,254,,,,,,58.0,,,
Mauritania,2191,,0.0,1.0,,0.556,3.92,,98,,99.9,,,53.44,7,982.0,76.0,32.6,59.0,5.5,4.5,30.3,12.7,19.9%,21.0,55.7,,2.69,68.4,29.9,57,53.5%,23.1,2.6,,160.82,86.0,,2877.0,27.65
Mauritius,10216,,3.6,2.6,,0.802,8.14,,,,17.3,,—,11.22,0,2538.0,1368.0,36.8,642.0,8.8,1.4,542.5,10.8,54.1%,36.3,73.0,,0.23,74.1,39.6,197,91.3%,27.6,4.8,,117.27,451.0,80,3051.0,22.40
Mayotte,,,,5.8,,,,,,,97,,,,,,,,,,,,,,,,,,,,205,,,,,,13.0,,,
Mexico,11091,48.35,6.5,28.2,0.6,0.758,6.07,21.0,73,,0.01,,0.25,13.51,14,3104.0,52.92,45.4,531.0,5.3,2.1,327.1,28.9,75.1%,29.3,64.7,1715914.0,1.23,76.0,58.6,175,95.2%,,4.9,35.4,111.87,29089.0,18713,3157.0,21.00
"Micronesia, Fed. Sts.",3741,,2.5,0.9,,0.628,,,,,< 0.1,,,23.49,,,29.0,40.1,422.0,29.0,3.0,,45.8,7.0%,26.3,51.9,,0.63,63.0,,127,99.0%,,12.5,,,30.0,,,25.85
Moldova,5563,114.01,15.2,3.0,,0.767,5.78,,72,,0.4,,0.012,12.37,14,2715.0,70.0,25.7,276.0,12.2,1.3,1747.2,18.9,100.7%,37.7,59.1,,-0.24,73.3,22.7,236,99.4%,,6.7,,155.18,549.0,4559,2383.0,09.45
Monaco,234317,220.35,,0.0,,,,,,,0.8,,,,,24092.0,240.0,,3101.0,,1.9,,,102.4%,55.4,,,0.51,,,36,99.0%,,1.5,,,232.0,41,,13.55
Mongolia,4947,43.67,7.4,6.2,,0.739,6.48,,,,5,,,18.09,14,2316.0,245.0,32.7,158.0,18.0,2.9,1982.5,20.6,21.8%,29.8,55.4,15888.0,1.5,68.1,108.8,183,99.2%,,4.1,,139.82,662.0,285,2579.0,01.70
Montenegro,9894,64.44,8.0,2.4,,0.832,5.77,,71,,19.1,,—,2.76,14,6387.0,151.0,36.8,727.0,16.2,1.7,1100.8,23.3,80.4%,39.6,60.5,,0.04,75.9,,153,98.8%,,n.a.,,349.21,625.0,,3500.0,10.55
Montserrat,—,,,0.0,,,,,,,0.1,,,,,,,,,,,,,64.1%,34.8,,,,,,,,,,,,4.0,,,
Morocco,3528,,0.6,1.9,,0.683,5.04,,97,,99,,0.013,19.86,12,3997.0,46.0,39.5,175.0,7.3,2.4,682.3,26.1,59.5%,29.1,62.9,25.0,1.26,73.0,20.6,260,73.8%,28.5,5.4,,54.68,9463.0,3677,3412.0,17.10
Mozambique,542,,2.4,3.6,,0.446,3.51,,,,18.9,,,53.91,16,550.0,72.0,50.5,41.0,23.2,4.8,501.9,7.2,19.2%,17.0,48.6,,2.86,58.1,5.6,62,60.7%,21.1,6.5,246.0,4.79,612.0,,2103.0,23.80
Myanmar,1096,,4.8,28.4,,0.585,3.04,,,,4.3,89.8%,,38.4,7,691.0,17.0,30.7,60.0,3.0,2.1,226.5,5.8,44.0%,29.2,53.6,7400.0,0.9,69.1,10.7,183,89.1%,,2.2,,31.48,974.0,3660,2673.0,13.05
Namibia,4911,,9.8,12.4,,0.615,6.52,,,,0.4,,0.00062,33.38,7,,64.0,59.1,473.0,13.5,3.3,298.4,17.2,36.9%,21.8,58.7,,2.12,64.6,34.0,318,91.5%,30.5,8.4,,73.05,524.0,106,2469.0,19.95
Nauru,10648,,6.0,,,,,,,,< 0.1,,,,,,22.0,,1176.0,,-,,61.0,51.8%,27.0,,,-0.06,,,140,95.0%,,4.9,,,3.0,,,
Nepal,1337,,2.0,2.3,,0.602,5.22,,93,,4.2,,,27.93,10,1524.0,16.0,32.8,50.0,9.8,1.9,511.6,4.1,53.9%,25.3,53.8,,1.09,70.9,10.0,83,67.9%,,5.2,,52.1,2555.0,,2769.0,08.10
Netherlands,55985,152.94,8.7,0.7,1.6,0.941,8.96,45.0,,,5,,0.18,2.51,12/16-21,24925.0,381.62,26.0,5331.0,9.3,1.4,1459.9,20.4,90.7%,42.8,76.8,29451.0,0.29,81.8,89.3,65,99.0%,,5.5,18.0,341.47,62512.0,16502,3297.0,09.25
New Caledonia,36668,,–,3.1,,,,,,,2.8,,,,,,,,,,,,,78.7%,32.9,,,,,76.6,195,,,,,108.0,185.0,,,
New Zealand,48249,153.88,10.7,2.6,,0.937,9.25,39.0,,,0.9,,0.046,3.8,10,33487.0,81.76,33.9,3958.0,10.3,1.9,685.1,30.8,83.3%,37.2,84.4,6551.0,0.93,82.0,142.1,162,99.0%,,6.4,217.3,137.25,16886.0,2526,3191.0,19.53
Nicaragua,2255,,5.2,11.0,,0.667,3.6,,84,,< 0.1,,0.0015,16.78,13,1506.0,83.0,46.2,168.0,4.7,2.4,327.8,23.7,25.3%,27.3,57.7,,1.07,75.0,14.9,332,82.6%,,4.3,,85.16,141.0,27,2582.0,24.90
Niger,533,,0.5,4.4,,0.4,3.29,,99,,98.3,,,46.31,13,650.0,36.0,37.3,30.0,10.1,6.8,118.8,5.5,8.7%,14.8,51.6,8000.0,3.81,63.3,11.2,39,35.1%,20.6,3.5,,58.92,204.0,,2601.0,27.15
Nigeria,2184,,13.4,21.7,,0.535,4.1,,96,,47-49,,0.00062,62.14,7,901.0,2.0,35.1,66.0,6.9,5.3,162.5,8.9,63.8%,18.6,57.3,1316415.0,2.58,62.6,8.6,35,62.0%,24.9,5.94,1658.0,7.91,13282.0,1314,2572.0,27.00
Niue,,,7.0,,,,,,,,< 0.1,,,,,,,,1325.0,,-,,50.0,53.4%,,,,,,,,,,,,,,,,
North Korea,—,,3.9,,,,1.08,,,,0.1,,,13.9,14,,18.0,,,8.2,1.9,993.3,6.8,,34.6,5.9,,0.47,72.6,10.8,,100.0%,,n.a.,,3.79,237.0,,2019.0,05.70
North Macedonia,6592,37.2,8.1,1.1,,0.77,5.89,,76,,33.3,,0.00062,10.69,16,2418.0,73.0,33.5,387.0,7.2,1.5,2784.9,22.4,75.6%,39.0,71.1,,0.08,74.8,35.4,128,98.4%,,3.3,,157.93,990.0,,3072.0,09.80
Northern Mariana Islands,17303,,,,,,,,,,0.7,,,,,,,,,,,,,,32.8,,,,,,273,,,,,,11.0,,,
Norway,106149,159.99,7.5,0.5,1.6,0.961,9.81,48.0,,,3.2,,0.0080,2.07,15,,133.14,27.7,8272.0,11.8,1.7,552.8,23.1,94.8%,39.5,73.0,1704297.0,0.94,82.6,61.7,55,100.0%,,8.0,6.2,261.34,25204.0,14114,3371.0,01.50
Oman,25057,57.53,0.8,0.2,5.2,0.816,3.0,,,,86,,,7.27,9,10263.0,35.0,,639.0,4.5,2.8,271.1,27.0,82.2%,26.2,61.0,1063251.0,4.08,73.9,49.8,46,95.7%,,6.8,,152.28,2543.0,7,2940.0,25.60
Pakistan,1597,,0.3,4.0,2.6,0.544,4.31,,92,,96.5,,,61.33,7,1289.0,43.0,29.6,41.0,9.8,3.5,363.2,8.6,60.8%,22.0,55.0,83000.0,1.91,65.6,12.3,38,58.0%,,2.9,943.0,183.13,28525.0,3811,2486.0,20.20
Palau,12084,,,11.2,,0.767,,,,,3.8,,,,10,6240.0,62.1,,1790.0,,-,,55.3,,33.9,,,1.06,,,428,96.6%,,7.6,,,21.0,,,27.60
Palestine,3789,,,0.9,,0.715,3.83,,93,,97.5,,2.7,17.46,,6985.0,35.0,,,,3.6,,,62.5%,18.0,,,,,,,95.0%,,5.3,,,1204.0,114,,
Panama,17358,125.25,7.9,12.6,,0.805,7.18,,88,,0.7,,0.062,14.13,12,3819.0,56.6,50.9,1228.0,2.9,2.4,219.3,22.7,54.5%,30.1,67.2,,1.55,79.3,54.5,499,95.7%,,4.1,,70.29,777.0,940,2851.0,25.40
Papua New Guinea,3020,,1.2,9.4,,0.558,6.1,,,,< 0.1,,,41.95,7,2086.0,111.0,41.9,59.0,3.6,3.5,1689.3,21.3,9.3%,24.0,58.4,35917.0,2.01,65.3,73.0,58,64.2%,,n.a.,,,232.0,122,,25.25
Paraguay,6153,56.89,7.2,7.8,,0.717,6.18,,92,,< 0.1,,0.0068,19.02,14,4055.0,54.0,45.1,421.0,6.2,2.4,384.5,20.3,62.1%,29.7,61.8,,1.25,75.8,70.3,234,94.5%,,3.4,,75.72,407.0,1007,2768.0,23.55
Peru,7126,51.81,6.3,5.7,,0.762,6.53,,84,,< 0.1,,0.012,12.79,14,3170.0,44.0,40.2,363.0,2.7,2.2,97.7,19.7,46.5%,29.1,67.8,40538.0,1.2,79.9,34.5,264,94.5%,,3.9,223.0,62.15,5425.0,6885,2775.0,19.60
Philippines,3499,49.31,6.6,4.3,,0.699,6.56,,96,,5–11,,0.00062,19.66,15,3009.0,58.9,40.7,126.0,2.5,2.5,1132.2,6.4,64.1%,24.1,63.8,925.0,1.51,70.4,31.1,162,96.3%,,3.2,424.0,15.66,5636.0,1507,2662.0,25.55
Pitcairn,,,,,,,,,,,,,,,,,,,,,-,,,,,,,,,,,,,,,,,,,
Poland,18321,130.98,11.6,0.7,,0.876,6.85,43.0,75,,0.02,,0.028,3.28,13,11192.0,49.3,28.8,979.0,9.3,1.4,1363.1,23.1,90.6%,41.9,67.8,17151.0,-0.17,78.3,78.1,208,99.8%,,4.6,8.0,205.39,51994.0,21130,3537.0,07.85
Poland[c],,,,,2.4,,,,,,,,,,,,,,,,,,,,,,,,,,,,,,,,,,,
Portugal,24275,150.39,12.3,0.8,,0.866,7.9,33.0,,,0.4,,0.019,2.96,16,9935.0,164.48,34.7,2216.0,7.2,1.3,1133.4,20.8,74.1%,44.6,65.3,,-0.39,81.6,91.1,122,96.1%,,4.9,8.0,205.04,29189.0,18925,3480.0,15.15
Puerto Rico,35209,,,17.0,,,,,,,< 0.1,,0.0093,,,,,,,,1.2,,,81.8%,43.6,,,,,,221,,,6.1,,,872.0,,,
Qatar,88046,105.2,2.0,0.3,7.0,0.855,3.24,,95,,77.5,,,6.29,7,,106.09,41.1,2156.0,4.7,1.8,1020.3,35.1,94.2%,33.7,72.6,1321192.0,2.36,77.2,90.5,58,93.5%,,2.9,,,5081.0,209,,27.15
Reunion,,,,1.7,,,,,,,4.2,,,,,,,,,,,,,,,,,,,46.8,137,,,,,,57.0,69,,
Romania,15892,178.9,12.6,1.3,1.7,0.821,6.4,,84,,0.3–1.0,,0.055,6.68,16,8654.0,45.4,34.6,687.0,7.3,1.6,1204.3,22.5,64.9%,42.5,68.6,61281.0,-0.5,75.6,54.5,122,98.8%,,3.1,7.0,238.33,15537.0,14984,3581.0,08.80
Russia,15345,87.01,11.7,6.8,4.1,0.822,3.31,58.0,34,,10–12,,0.96,5.76,14,2646.0,13.67,36.0,609.0,21.6,1.8,2295.0,23.1,89.5%,40.3,58.9,10278370.0,0.01,73.2,51.0,300,99.7%,,3.7,4.0,163.57,119195.0,115171,3345.0,−5.35
Rwanda,966,,9.0,3.6,,0.534,3.1,,95,,4.8,,,29.18,14,,29.0,43.7,52.0,9.5,4.0,94.0,5.8,19.7%,19.7,71.1,,2.36,69.1,4.4,621,73.2%,22.7,3.1,,7.23,715.0,,2188.0,17.85
Saint-Martin,21921,,,28.7,,,,,,,,,,,,,,,,,,,,,33.3,,,,,,,,,,,,,,,
Samoa,3743,,2.5,6.2,,0.707,,,,,< 0.1,,,13.45,,1625.0,51.0,,198.0,14.6,3.8,1470.6,47.3,30.2%,25.6,62.2,,0.65,70.5,82.6,179,99.1%,,4.1,,52.55,70.0,,3030.0,26.70
San Marino,54983,115.27,,0.0,,0.853,,,,,< 0.1,,,,14,21310.0,23.0,,4115.0,,1.3,,,59.6%,45.2,,,0.51,,,26,99.9%,,3.2,,,50.0,,,11.85
Sao Tome and Principe,2404,,6.8,3.2,,0.618,,,,,3,,,26.42,16,,67.0,40.7,115.0,2.2,4.3,,12.4,27.4%,19.3,54.0,,2.18,70.4,9.6,115,92.8%,21.3,4.9,,22.58,9.0,,2446.0,23.75
Saudi Arabia,30436,90.24,0.2,0.8,,0.875,2.08,26.0,93,,96.2,,,6.31,12,12800.0,23.83,45.9,1291.0,5.4,2.3,1341.0,35.4,96.9%,30.8,60.7,10644394.0,1.9,74.3,44.6,207,97.6%,,5.6,,83.65,36301.0,2387,3307.0,24.65
Saudi Arabia[a][b],,,,,7.4,,,,,,,,,,,,,,,,,,,,,,,,,,,,,,,,,,,
Senegal,1599,35.32,0.7,0.3,,0.511,5.67,,96,,97.2,,,32.75,13,686.0,42.0,38.3,66.0,11.0,4.6,359.4,8.8,27.8%,19.4,56.3,,2.77,68.6,17.7,67,51.9%,26.4,4.8,,16.86,938.0,,2545.0,27.85
Serbia,9394,77.88,11.1,1.1,,0.802,6.22,,54,,2.1,,0.0086,4.9,16,3610.0,56.5,35.0,617.0,7.9,1.4,1898.6,21.5,84.7%,43.4,63.9,14170.0,-0.34,75.9,,155,99.5%,,4.0,28.5,148.53,7960.0,14901,2828.0,10.55
Seychelles,15875,,13.8,4.7,,0.785,,,,,1.1,,,10.87,7,3282.0,180.0,32.1,792.0,7.7,2.4,543.6,14.0,52.3%,36.8,61.4,,0.5,73.3,51.1,360,95.9%,26.3,4.4,,79.23,111.0,,,27.15
Sierra Leone,461,,5.7,2.1,,0.477,4.86,,,,78.6,,,80.77,14,575.0,36.0,35.7,43.0,11.3,4.2,468.6,8.7,11.9%,19.1,47.5,,2.12,60.8,6.1,57,43.2%,25.5,4.6,,7.0,211.0,,2369.0,26.05
Singapore,82808,259.11,2.5,0.1,2.8,0.939,6.03,,70,,15.6,31.1%,0.0056,1.63,10,,158.13,45.9,2642.0,9.7,1.2,851.2,6.1,81.1%,35.6,89.4,,1.4,83.2,71.1,156,97.5%,,2.9,,,23078.0,12000,,26.45
Sint Maarten,36220,,,,,,,,,,,,,,,,,,,,,,,,41.1,,,,,,196,,,,,,,,,
Slovakia,21258,101.28,11.5,1.0,,0.848,6.97,31.0,,,0.1–0.2,,0.016,4.76,14,9914.0,112.0,23.2,1300.0,9.3,1.5,1500.9,20.5,81.6%,41.8,65.0,43.0,0.04,78.2,67.4,187,100.0%,,3.9,19.5,143.14,8709.0,9400,2871.0,06.80
Slovenia,29457,108.47,12.6,0.4,,0.918,7.54,41.0,47,,3.6,,0.00062,1.87,14,17079.0,104.0,24.0,2170.0,14.0,1.6,2236.5,20.2,77.4%,44.9,65.5,,0.07,81.3,88.0,70,99.7%,,4.8,5.0,235.01,6808.0,5076,3191.0,08.90
Solomon Islands,2203,,1.4,3.7,,0.564,,,,,< 0.1,,,15.46,8,933.0,40.0,,92.0,17.4,3.9,1419.1,22.5,10.3%,23.5,54.6,,1.94,65.2,9.7,79,77.0%,,7.3,,11.52,62.0,,2415.0,25.65
Somalia,462,,0.0,,,,,,,,99.8,,,69.31,14/15,,52.0,36.8,,14.7,6.0,198.5,8.3,1.7%,18.5,,,2.93,56.5,,,39.0%,23.6,9.6,1867.0,,92.0,,,27.05
South Africa,6777,43.91,9.3,41.9,,0.713,7.05,14.0,85,,1.9,,0.32,27.24,12,3671.0,65.81,63.0,569.0,23.5,2.4,509.6,28.3,53.6%,28.0,58.3,950.0,1.2,65.3,39.0,250,95.0%,35.0,6.2,36.0,55.75,28365.0,5418,2899.0,17.75
South Korea,32255,241.58,10.2,0.5,2.7,0.925,8.01,69.0,43,,0.1,,0.00062,2.11,12,20990.0,38.62,31.4,2519.0,21.2,0.9,1667.4,4.7,95.4%,43.2,72.3,,0.36,83.3,48.0,103,98.0%,,5.1,2.0,29.05,91030.0,63476,3420.0,11.50
South Sudan,1072,,,14.1,,0.385,,,,,20,,,64.36,12,,62.7,44.1,28.0,6.7,4.6,383.7,6.6,9.3%,18.6,,155110.0,2.72,62.8,,58,34.5%,22.0,1.5,1378.0,,40.0,,,
Spain,29350,186.4,10.0,0.6,1.5,0.905,8.12,41.0,49,,2.6,,0.080,2.35,18,17457.0,111.84,34.9,2741.0,5.3,1.3,1499.0,23.8,89.3%,43.9,65.7,19.0,0.03,83.2,118.6,116,98.6%,,4.2,8.6,164.29,104353.0,83622,3322.0,13.30
Sri Lanka,3354,,4.3,3.4,,0.782,6.14,,99,,9.7,70.2%,,7.57,12,603.0,68.0,37.7,159.0,12.9,2.2,254.6,5.2,32.7%,33.7,56.4,,0.35,76.9,6.6,128,92.3%,,2.8,,34.98,2844.0,4115,2737.0,26.95
St. Barths,,,,,,,,,,,,,,,,,,,,,,,,,45.6,,,,,,,,,,,,,,,
St. Helena,,,,0.0,,,,,,,< 0.1,,,,,,,,,,,,,53.8%,43.2,,,,,,,,,,,,4.0,,,
St. Kitts and Nevis,20177,,9.4,29.4,,0.777,,,,,0.3,,,,,6933.0,20.0,,1103.0,,1.8,,22.9,93.8%,36.5,,,0.91,,99.3,296,97.0%,,2.6,,87.36,121.0,,2582.0,24.50
St. Lucia,11482,45.66,9.9,39.0,,0.715,,,,,< 0.1,,,12.49,,,36.0,51.2,513.0,6.9,1.4,553.9,19.7,50.6%,36.9,68.7,,0.45,74.3,124.1,278,90.0%,,3.8,,80.65,14.0,,2618.0,25.50
St. Pierre and Miquelon,,,,16.5,,,,,,,0.2,,,,,,,,,,,,,,48.5,,,,,,,,,,,,1.0,,,
St. Vincent and the Grenadines,9125,46.51,8.2,30.7,,0.751,,,,,1.7,,,14.65,,2407.0,42.0,,348.0,1.0,1.9,259.6,23.7,69.1%,35.3,65.8,,0.24,73.2,79.1,347,96.0%,,5.8,,87.62,31.0,,2968.0,26.80
Sudan,1102,,0.5,,,0.508,2.54,,93,,96,,,42.86,12,13.0,121.0,34.2,36.0,4.8,4.3,339.9,6.6,27.4%,18.3,47.7,64880.0,2.38,69.1,21.0,52,60.7%,25.5,2.2,623.0,155.2,1187.0,,2578.0,26.90
Suriname,5858,,5.1,5.7,,0.73,6.82,,,,14.3,,0.0012,17.49,,,30.0,57.9,450.0,25.9,2.4,511.7,26.4,45.0%,31.0,48.1,14000.0,0.87,71.5,40.3,185,94.4%,,n.a.,,48.97,60.0,47,2698.0,25.70
Svalbard and Jan Mayen Islands,,,,,,,,,,,,,,,,,,,,,,,,,,,,,,,,,,,,,3.0,,,
Sweden,55873,169.0,9.2,1.1,1.3,0.947,9.26,46.0,17,,7.1,,0.093,2.04,15,,171.81,28.9,6005.0,12.4,1.8,716.2,20.6,91.3%,41.1,75.2,,0.72,82.4,76.1,74,99.0%,,7.7,36.0,341.23,43270.0,8118,3184.0,01.75
Switzerland,92102,188.69,11.5,0.5,0.8,0.962,8.83,49.0,41,,5.2,,0.11,3.37,15,,284.57,33.1,9871.0,9.8,1.5,1489.8,19.5,91.4%,42.7,81.9,,0.83,83.4,72.9,73,99.0%,,5.1,2.55,318.69,47607.0,12156,3354.0,05.10
Syria,537,,0.3,2.1,,0.577,1.43,,89,,86,,0.00062,15.54,10,96.0,24.0,37.5,,2.1,2.8,2291.7,27.8,29.3%,23.5,,85742.0,0.2,72.7,21.2,60,86.4%,,5.1,3753.0,111.43,734.0,1138,,17.75
Taiwan,—,163.85,,,1.6,,8.94,,,,0.3,,0.00062,3.71,12/14,11973.0,24.4,34.1,,,1.2,,,91.9%,42.3,77.3,196.0,0.28,,,234,98.70%,,,,41.72,39201.0,28084,2983.0,
Tajikistan,1054,,3.3,0.9,,0.685,1.94,,85,,97.9,,—,29.26,14,265.0,38.0,34.0,60.0,5.3,3.6,361.1,14.2,20.1%,25.3,55.6,316.0,2.06,69.5,8.7,141,99.8%,,5.2,,54.54,324.0,132,2109.0,06.40
Tanzania,1192,,9.4,3.7,,0.549,5.1,,89,,35.2,,,41.21,7,209.0,34.0,40.5,41.0,8.2,4.8,181.8,8.4,52.0%,18.2,60.2,,3.06,67.3,10.0,50,77.9%,21.4,3.4,,40.29,2199.0,172,2373.0,22.35
Thailand,6909,206.81,8.3,4.8,1.2,0.8,6.04,,97,,5.4,93.5%,0.0012,7.75,7,3733.0,49.09,35.9,276.0,8.0,1.5,837.4,10.0,75.5%,39.0,68.3,143083.0,0.22,77.7,27.9,377,93.8%,,4.1,0.4,29.35,20830.0,6750,2804.0,26.30
Timor-Leste,2358,,2.1,4.1,,0.607,7.06,,,,0.1,,,37.34,16,1380.0,12.0,28.7,79.0,4.5,3.9,,3.8,27.0%,19.6,44.2,14000.0,2.14,69.6,41.3,55,68.1%,,3.8,,10.96,41.0,,2287.0,25.25
Togo,918,,3.1,,,0.539,2.8,,,,20,,,49.68,14,757.0,26.0,42.5,53.0,14.8,4.3,147.3,8.4,11.1%,20.0,50.3,,2.45,64.3,8.5,59,66.5%,25.0,5.0,211.0,7.96,220.0,,2443.0,27.15
Tokelau,,,,,,,,,,,< 0.1,,,,,,,,,,,,,,,,,,,,,,,,,,1.0,,,
Tonga,4426,,1.5,1.0,,0.745,,,,,< 0.1,,,12.54,,,54.0,,219.0,4.4,3.5,986.9,48.2,42.0%,24.1,57.7,,0.86,72.6,,166,99.4%,,3.9,,,30.0,,,25.25
Trinidad and Tobago,18222,79.89,8.4,29.4,,0.81,7.16,,,,5.8,,,21.98,,4615.0,76.0,40.3,1056.0,8.3,1.7,682.5,18.6,69.4%,37.8,57.0,58436.0,0.26,76.1,57.8,276,99.0%,,3.1,,103.8,437.0,,2991.0,25.75
Tunisia,3777,,1.9,4.6,,0.731,6.59,,93,,97.8,,0.0062,12.68,13,2000.0,97.0,32.8,212.0,3.2,2.2,1580.0,26.9,64.6%,32.7,55.4,33320.0,1.09,77.0,25.5,196,81.8%,30.7,6.6,,114.47,8338.0,720,3450.0,19.20
Turkey,,,,,1.2,,,,,,,,,,,,,,,,,,,,,,,,,,,,,,,,,,,
Turkmenistan,7297,,5.4,1.1,,0.745,1.72,,80,,93.7,,0.0012,43.28,14,,1.0,40.8,457.0,6.1,2.7,962.1,18.6,19.3%,29.2,48.4,195109.0,1.61,69.7,41.7,576,99.7%,,3.0,,137.09,15.0,450,2830.0,15.10
Turks and Caicos Islands,20177,,,5.7,,,,,,,< 0.1,,,,,,,,,,,,,,34.6,,,,,,,,,,,,11.0,,,
Tuvalu,5335,,1.7,0.0,,0.641,,,,,0.1,,,,,,37.0,,801.0,,-,,51.6,49.3%,26.6,,,0.88,,,110,99.0%,,3.7,,,2.0,,,27.65
Türkiye,10616,62.52,2.0,2.5,,0.838,4.48,28.0,82,,89-98,,0.090,8.9,12,18190.0,46.21,41.9,388.0,2.3,2.1,1770.7,32.1,87.6%,32.2,64.6,69012.0,1.37,78.6,19.3,392,96.7%,,4.4,8.5,193.94,53802.0,88975,3711.0,09.90
Uganda,964,,9.5,8.5,,0.525,4.94,,93,,14,,—,46.15,12,426.0,24.0,42.7,33.0,10.4,4.8,195.7,5.3,22.2%,15.7,59.7,,3.23,66.7,11.7,151,76.5%,20.3,2.6,143.0,37.27,2259.0,288,1981.0,22.80
Ukraine,4534,67.52,8.6,3.8,34.0,0.773,5.81,,46,,0.9–1.2,,0.28,7.2,14,2946.0,81.0,25.6,221.0,17.7,1.4,1849.4,24.1,65.6%,41.2,52.3,6672.0,-0.49,73.0,32.3,123,99.8%,,5.4,168.0,145.03,17888.0,24416,3102.0,08.30
United Arab Emirates,53758,151.09,3.8,0.5,,0.911,2.7,,91,,72,,,5.52,7,,59.69,26.0,1915.0,5.2,1.4,748.5,31.7,95.2%,38.4,77.1,3467870.0,1.39,76.1,74.4,104,97.6%,,1.3,,132.66,10079.0,293,3314.0,26.65
United Kingdom,45850,92.63,11.4,1.2,2.2,0.929,8.54,49.0,27,,3.3,,1.8,3.76,10/12,29690.0,287.08,32.6,4228.0,6.9,1.7,827.7,27.8,96.6%,40.6,78.9,744965.0,0.58,81.4,79.6,143,99.0%,,3.9,54.4,232.2,198500.0,186000,3344.0,08.45
United States,76399,191.97,9.8,6.8,3.5,0.921,7.92,51.1,65,,1.1,,35,5.82,varies by state[117],15080.0,122.56,39.8,10285.0,14.5,1.8,1016.6,41.9,92.4%,38.5,76.8,11884154.0,0.71,78.5,124.8,531,86.0%,,6.1,17.5,254.69,624554.0,275232,3782.0,08.55
United States Virgin Islands,39552,,,49.6,,,,,,,0.1,,0.0031,,,,,,,,2.0,,,67.5%,,,,,,,345,,,,,,13.0,,,
Uruguay,20795,53.88,10.8,8.9,,0.809,8.61,,41,,< 0.1,,0.099,8.7,13,5816.0,50.0,40.8,1697.0,18.8,2.0,899.4,27.9,84.9%,35.5,68.6,,0.36,77.1,98.6,408,98.8%,,4.9,,210.54,1902.0,3231,3202.0,17.55
Uzbekistan,2255,39.2,2.7,1.4,,0.727,2.12,,51,,88.7,,0.018,20.83,13,1041.0,24.0,35.3,82.0,8.3,2.4,495.9,16.6,49.0%,30.1,53.3,34379.0,1.41,73.0,20.7,85,100.0%,,6.3,,130.81,3491.0,1003,3011.0,12.05
Vanuatu,3010,,1.0,0.3,,0.607,,,,,< 0.1,,,22.38,10,3240.0,27.0,,102.0,21.0,3.7,1069.2,25.2,22.3%,23.0,56.4,,2.1,65.3,32.6,65,87.5%,,4.7,,25.21,52.0,,2607.0,23.95
Vatican,,,,0.0,,,,,,,0,,,,,,,,,,-,,,,,,,0.08,,,,,,,0.0,,5.0,228,,
Venezuela,15976,,5.6,19.3,,0.691,2.76,,79,,0.4,,0.037,25.7,,10.32,23.0,44.8,165.0,2.1,2.3,396.2,25.6,72.9%,30.0,25.9,703658.0,1.26,73.9,56.6,199,97.1%,,3.6,,117.79,1397.0,2275,2120.0,25.35
Vietnam,4164,66.38,8.3,1.5,,0.703,2.94,,30,,0.1,,,16.71,14,1591.0,39.1,36.8,164.0,7.2,2.1,1049.6,2.1,69.9%,31.9,55.3,179249.0,1.0,73.7,28.6,130,95.8%,,4.3,16.6,16.36,17485.0,24589,3025.0,24.45
Wallis and Futuna Islands,,,,,,,,,,,< 0.1,,,,,,,,,,,,,11.9%,34.0,,,,,,,,,,,,3.0,,,
Western Sahara,,,,,,,,,,,99.4,,,,,,,,,,2.4,,,,21.5,,,2.54,,,,,,,,,,,,
World total,,,,,2.2,,,,,,,,,,,,,,,,,,,,,,,,,,,,,,,,,,,
Yemen,702,,0.1,6.3,,0.455,1.95,,99,,97.2,,,43.23,7,,21.0,36.7,,7.1,3.7,423.8,17.1,22.9%,19.8,,48565.0,2.33,66.6,14.7,35,70.1%,,5.2,1294.0,43.97,1064.0,,2154.0,23.85
Zambia,1488,,4.8,5.2,,0.565,4.86,,95,,1,,,45.61,8,596.0,45.0,55.9,75.0,14.4,4.6,145.4,8.1,24.4%,16.9,53.6,,2.97,62.5,11.9,118,86.7%,21.2,1.3,,9.71,802.0,,2002.0,21.40
Zimbabwe,1267,,4.8,6.1,,0.593,3.16,,88,,0.7,,0.0012,38.74,7,,77.0,50.3,115.0,23.6,3.5,122.9,15.5,28.0%,20.5,40.4,,2.28,60.7,15.2,121,86.5%,22.3,6.1,848.0,31.9,1116.0,232,1908.0,21.00
